theme,title,description,topic
Theme 159,Energy Policies & Reform,"development or reform of energy sector policies (electricity, oil,
                         gas) relating specifically to sector strategy and objectives, sector planning,
                         institutional architecture of the sector, governance of sector institutions, energy
                         prices and subsidies, sector legal and regulatory frameworks, energy markets
                         and contracting mechanisms, private sector participation in power.
energy policies & reform
",1
Theme 57,Judicial and other Dispute Resolution Mechanisms,"effective and equitable justice sector institutions operate as
                                  safeguards against abuses of power and channels for the protection of rights and
                                  peaceful resolution of conflict. they enable private sector activity by increasing
                                  the predictability of behavior and certainty of process. in terms of the world
                                  bank’s programmatic priorities and interests, justice systems have specific
                                  instrumental roles in preventing and mitigating conflict, crime, and violence;
  judicial and other dispute      ensuring executive accountability; fostering private sector growth; and ensuring
   resolution mechanisms          compliance of private sector actors and citizens with legal and regulatory
                             frameworks. relevant justice sector institutions include judicial services, court
                                  enforcement agencies, prosecution, legal defense and legal aid services, ministries
                                  of justice and legal affairs, law enforcement agencies and bar associations.
",1
Theme 141,Adaptation,"adaptation finance is associated with activities that aim to lower the
                                 current or future risks or vulnerabilities posed by climate change.
                                 adaptation co-benefits are assigned if the project documents clearly lay out all
                                 three steps required by the mdb climate adaptation finance methodology:
                                      context of vulnerability to climate variability and change.
       adaptation                statement of purpose or intent.
                                      clear and direct link between climate vulnerability and project
                                          activities.
",1
Theme 150,Biodiversity,"biodiversity comprises the multitudes of different species on our
                   planet, as well as genetic diversity within species and populations. it also refers
                   to the ecosystems in which species form communities, interacting with one
                   another and their physical environment. these ecosystems can be forests,
                   savannas, deserts or other terrestrial environments and can also be freshwater
                   or marine. this theme is intended to capture activities whose primary purpose
                   is to directly conserve or protect biodiversity (at a genetic, species, or
                   ecosystemic level) or to support its sustainable use by human populations, as
                   well as investments which would indirectly achieve the same goals, e.g.,
                   training or policy or regulatory interventions.
biodiversity",1
Theme 139,Climate change,"interventions that contribute to reducing greenhouse gas emissions and/or to reducing vulnerability to
 climate change through resilience-building and adaptation activities. any activity/project component that has
 climate change co-benefits assigned to it should be identified with the “climate change” theme code.
",1
Theme 140,Mitigation,"mitigation finance promotes efforts towards the reduction, limitation,
                                  or sequestration of ghg emissions.
                                  mitigation co-benefits are assigned if the activity:
                                        is listed on the mdb positive list compatible with lower carbon emission
                                           pathways; and
                                        demonstrates net ghg reductions in the project documents if required
         mitigation                   according to the positive list (i.e. waste water treatment, biofuels,
                                           hydropower, etc.).
",1
Theme 144,Water Pollution,"activities that promote cleaner production and prevention of
                                   wastewater discharges; wastewater treatment; management of wastes
                                   associated with wastewater treatment; control of groundwater pollution.
",1
Theme 66,State-owned Enterprise Reform and Privatization,"a state-owned enterprise (soe) is a legal entity that is created by the
government in order to partake in commercial activities on the government's behalf.
the goals of soe reform are not simply to enhance corporate productivity and
financial performance, but to create an optimal institutional arrangement
compatible with the reform of a market-oriented economy. soes, reflects
privatization reform and its implementation.
",1
Theme 41,Financial Sector Integrity,"support the establishment and strengthening of legal and operational
                           frameworks for anti-money laundering and combating the financing of terrorism
                           (aml/cft), asset disclosures systems, and the recovery of the proceeds of crime
                           under the aegis of the stolen asset recovery initiative (star).
",1
Theme 61,Administrative and Civil Service Reform,"interventions aimed at improving the structure, management, and
                                capacity of organizations and human resources in the public administration or its
                                constituent entities. such interventions may focus on central or subnational (e.g.,
                                regional, provincial, state, local) public administration, and would address the
                                following:
  administrative and civil             institutional structures: which include (a) organizational structures, (b)
                                        assignments of organizational responsibilities, functions and authority
   service reform 
                                        among those organizational structures, and (c) rules governing those
                                        assignments and the behavior of those organizational units and their staff.
                                        these institutional arrangements, as a set, shape the incentives governing
                                        organizational behavior.
                                       management: which would include (a) organizational goal setting and
                                        performance management; (b) personnel management, including
                                        recruitment, promotion, and individual performance management; (c)
                                        compensation policy.
                                       capacity: which would include: (a) administrative systems, (b) business
                                        processes, and (c) human capital.
                                                     52
",2
Theme 156,"Water Institutions, Policies and Reform","used to capture support to institutions, policies and reforms to
                                  strengthen water security and water resources management. such interventions
                                  may focus at the national, sub-national (regional, provincial, state, local), or at
                                  the river basin level, including transboundary river basins. the institutional
                                  capacity may include support to water service providers, governments, river
                                  basin organizations, or local water user groups for various aspects including
                                  rules, regulations, roles and responsibilities, organizational structures, plans,
water institutions, policies and
                                  processes, decision support tools, information systems, stakeholder
         reform 
                                  participation mechanisms, incentives, asset management etc.
",2
Theme 106,"Education Governance, School-Based Management","education systems need to ensure minimum levels of learning across
                          institutions and sub-sectors. operational standards for schools, training
                          institutions and universities can be developed to clearly define minimum
                          standards. supervision, accountability and/or accreditation systems monitor the
                          quality of institutions and provide feedback to students, parents, schools,
  education governance,
                          administration, and policymakers.
school-based management
",2
Theme 64,Civil Registration and Identification,"modern civil registries and robust civil identification systems are
                       powerful tools in the fight against poverty, social exclusion, and inequality. identity
                       management systems are key to improving public sector policies and delivering
                       better public and private services. above all, they help ensure that individuals can
civil registration and access their civic and legal rights.
 identification 
",2
Theme 122,Municipal Finance,"policies, institutions, systems and activities through which municipalities
                        receive, manage and expend fiscal and financial resources, including grants, own-
                        source revenues, expenditure assignments, city borrowing, municipal financial
                        planning and management.
",2
Theme 138,Flood and Drought Risk Management,"used to capture support physical infrastructure investments including
                               both greenfield and rehabilitation projects, and/or institutional capacity building
                               support to strengthen flood and drought risk management.
",2
Theme 145,Soil Pollution,"activities that address remediation and redevelopment of
                     contaminated sites and hazardous waste management; interventions for
                     integrated waste management; containment to prevent, or significantly reduce
                     the migration of contaminants in soils
",2
Theme 147,Forests Policies and institutions,"improving forest-related policy framework and strengthening
                                     institutional capacities at the national and sub-national level.
",2
Theme 60,Public Administration,"world bank interventions in public administration focus on administrative and civil service reform;
transparency, accountability and good governance; e-government and e-services; civil registration and
identification; public assets and investment management; state-owned enterprise reform and privatization; and
municipal institution building.
",2
Theme 52,Public Finance Management,"public finance management (pfm) basically deals with all aspects of resources mobilization and
 expenditure in government.
",2
Theme 63,"E-Government, incl. E-services","the transition from fragmented and outdated government systems to
                       modern integrated digital solutions offers great opportunities to improve
                       productivity, efficiency, effectiveness, responsiveness, and trust in government.
                       one of the key challenges is to integrate digital governance strategies into public
                       sector modernization efforts to create a data-driven, digital culture in the public
 e-government & e-     sector. in addition, the coordination of ongoing, parallel, reform activities is crucial
   services       to maximize the benefits of large-scale ict investments and encourage the use of
                       shared platforms and standards for cost-effective delivery and sustainability of
                       government systems and e-services. world bank interventions in e-government
                       will aim to addresses complex and transformative development challenges through
                       integrated solutions that incorporate technology and innovation, cross-practice
                       delivery of solutions, and global sharing of knowledge and good practices.
",3
Theme 21,Trade Policy,"helps governments design and implement policies to maximize their trade
                   competitiveness in both goods and services. the approach encompasses the full set of
                   policies that shape individual firms’ capacities and incentives to import and export. the
                   work aims to help governments reap the gains from openness to trade, regional
                   integration, and to manage both adjustment costs and external shocks.
trade policy 
",3
Theme 110,Labor Market Policy and Programs,"activities intended to improve the functioning of labor markets, facilitate transitions into employment,
improve the earnings opportunities of individuals, and manage risks facing workers.
",3
Theme 112,Labor Market Institutions,"the laws, practices, policies, and conventions that fall under the
                                  umbrella of labor market institutions‖ that: determine inter alia what kinds of
                                  employment contracts are permissible; set boundaries for wages and benefits,
                                  hours, and working conditions; define the rules for collective representation and
                                  bargaining; proscribe certain employment practices; and provide for social
   labor market institutions      protection for workers.
             
                                                     87
",3
Theme 120,Public Transport,"investments and policies for facilitating the access to or movement of
                       people or goods for the purposes of reaching jobs, markets, public services or other
                       socio-economic opportunities in urban, rural or inter-urban areas.
",3
Theme 19,Trade Facilitation,"helps client governments implement trade facilitation reforms aimed at
                          improving trade systems, services, and practices, potentially leading to improvements
                          in terms of reduced time to import and export, as well as better transparency,
                          predictability, and reduced transaction costs for traders.
",3
Theme 22,Business Enabling Environment,"helps developing countries improve their business environment because a favorable business
 environment is essential to create the opportunities and incentives for firms to invest productively, generate jobs,
 and grow.
",3
Theme 73,Other Excluded Groups,"social exclusion is the process in which individual of people are
               systematically blocked from (or denied full access to) various rights, opportunities and
               resources that are normally available to members of a different group, and which are
               fundamental to social integration within that particular group (e.g., housing, employment,
               healthcare, civic engagement, democratic participation, and due process).
",3
Theme 24,Regulation and Competition Policy,"supports clients in promoting and implementing pro-competition rules in
                        key sectors, deterring anticompetitive business practices, and minimizing distortive
                        government interventions in markets.
",3
Theme 25,Innovation and Technology Policy,"helps developing countries identify, design, and implement policies,
                        reforms and strategic investments to foster innovation in their economies.
",3
Theme 33,Global value chains,"helps developing countries put in place the trade, investment, and
                    complementary supply-side policies to connect to global value chains (gvcs) and
                    realize the economic and development benefits.
",3
Theme 72,Indigenous People and Ethnic Minorities,"activities aimed specifically at inclusion, visibility, engagement or
                            knowledge generation with or related to indigenous peoples or ethnic minorities.
                                 ",3
Theme 79,Disability,"activities intended at removing barriers to the participation of people
                                  with disabilities in economic, civic, and social life, and expanding equitable
                                  opportunities.
",3
Theme 65,Public Assets and Investment Management,"public investment management (pim) involves a complex series of
                      stages involved in identifying, preparing, selecting, budgeting and implementing
                      projects and programs in the public sector. pim has been characterized as being
                      composed of eight essential functions that need to occur in the public sector but
                      may be organized or arranged somewhat differently in different
                      governments. alternatively, pim can be seen as in terms of the project cycle or
                      the series of stages involved as a project moves from being identified to being
                      implemented and evaluated as an operating project. eight key functions consist
   public assets and  of: (i) investment guidance, project development, and preliminary screening; (ii)
investment management formal project appraisal; (iii) independent review of appraisal; (iv) project
                 selection and budgeting; (v) project implementation; (vi) project adjustment; (vii)
                      facility operation and maintenance; and (viii) basic completion review and
                      evaluation. these functions or stages of pim are located in both the central and
                      service delivery agencies of government depending upon the degree of delegation
                      of functions in a government, but typically the key functions of guidelines,
                      screening, budget approvals and oversight over methods, quality of appraisal and
                      implementation performance are located in the central agencies responsible for
                      finance, budget and economic planning. service delivery agencies are typically
                      delegated functions of project identification, design and appraisal and
                      management of implementation. external review of appraisals and ex post
                      evaluation of projects and programs could be delegated to separate entities under
                      a central agency.
",4
Theme 29,Youth Employment,"youth employment: projects with interventions supporting financial
                   and jobs outcomes for youth, often through youth employment programs. includes
                   results for disadvantaged youth (e.g. orphans, street kids, substance abuse etc.).
                   normally defined for age group 15-29, but age range may also depend on national
                   definitions.
youth employment
",4
Theme 74,Participation and Civic Engagement,"activities aimed at engaging citizens/beneficiaries in a two-way interaction
                        with government, the private sector or other citizens at the policy, planning, budgeting
                        or service delivery level.
",4
Theme 95,Private Sector Delivery in Health,"activities to promote and strengthen health service delivery by private
                           sector.
",4
Theme 151,Landscape Management,"activities that promote landscape management and approach.
                           landscape management is about land use planning and connecting protected,
                           areas, forests, woodlands, agro-silvo-pastoral lands, watersheds, croplands, and
                           irrigated agricultural lands for the provision of ecosystem services,
                           adaptation/mitigation to climate change, and increased productivity. the
                           landscape approach entails managing multiple land uses in an integrated
                           manner, taking into consideration both environmental conditions and the human
                           needs that depend on healthy ecosystems.
",5
Theme 152,Coastal Zone Management,"support to development of integrated coastal zone management
                           practices, with a particular emphasis on adaptation to the impacts of climate
                           change and disaster risk management
 coastal zone management",5
Theme 55,Debt Management,"debt management refers to the process of establishing and executing a
                      strategy for managing the government’s debt in order to raise the required amount
                      of funding at the lowest possible cost over the medium to long run, consistent with
                      a prudent degree of risk. moreover, debt management will look into activities to
                      develop and maintain an efficient domestic market for government securities.
",5
Theme 117,Urban Development,"activities involving a comprehensive approach to identifying challenges in urban areas and proposing
integrated solutions to improve living conditions in urban areas through planning, infrastructure
development/rehabilitation, finance, housing, and service provision.
",5
Theme 125,Rural Markets,"activities supporting the private sector to achieve efficient functioning of
                             rural markets for labor, land, inputs (fertilizer, seeds, equipment), services (including
                             financial and risk management services), and products (even where these supply urban
                             end-markets).
",5
Theme 128,Rural Water and Sanitation,"activities supporting the development and/or rehabilitation of water supply
                 and sanitation systems in rural areas.
rural water and",5
Theme 132,Cultural Heritage,"activities supporting protection, conservation and sustainable development of cultural property and
intangible heritage, embrace cultural diversity and bring tangible economic benefits to local communities in an
inclusive manner.
",5
Theme 14,Green Growth,"programs that analyze the growth process that is clean (reduced
                          pollution), green (sustainable use of natural resources), and resilient (reduced
                          vulnerability to extreme events and climate change).
",5
Theme 146,Renewable Natural Resources Asset Management,"activities that involve the management of renewable natural resource assets in an integrated way across
ecosystems (including coastal and aquatic ecosystems), watersheds, and rural landscapes thereby providing the
basis for enhanced livelihoods, food and water security, sustained energy supplies, and the ability to adapt to the
impacts of climate variability and change.
",5
Theme 149,Oceans,"activities that promote development of a new, integrated approach
                       to the blue economy, with a view to encouraging the sustainable management
                       of all oceans-related economic activities, and with an emphasis on avoiding
                       conflicts between users.
    oceans 
",5
Theme 155,Water Resource Management,"water resource management includes the planning, development, sustainable use, and operation of
water resources to improve productivity and resilience.
",5
Theme 37,ICT Solutions,"ict solutions refer to comprehensive ict related interventions from
                            installation of it equipment (hardware, software), development of physical
                            infrastructure, applications and service delivery, skill development, to upstream work
                            (creation of enabling environment, digital ecosystem, etc.)
",5
Theme 85,Disease Control,"prevention, control, and treatment of communicable and non-communicable diseases.
",5
Theme 104,Teachers,"activities to recruit, train, deploy, motivate, and evaluate teachers.
",5
Theme 113,Active Labor Market Programs,"programs that stimulate labor demand, support job search and
                                 improve employability.
",5
Theme 121,Urban Planning,"activities aiming at fostering sustainable and equitable urban
                        development.
",5
Theme 123,Urban Water and Sanitation,"activities supporting the development and/or rehabilitation of water
                             supply and sanitation systems in urban areas
",5
Theme 20,Trade Logistics,"supports client governments in enabling efficient and sustainable supply
                          chains through modernization and reform of border management and clearance
                          processes as well as logistics infrastructure and services.
",5
Theme 86,HIV/AIDS,"programs that increase access to hiv/aids prevention, treatment,
                                care and support services.
",5
Theme 87,Malaria,"activities aimed at the prevention, diagnosis, control and/or treatment
                                of malaria
",5
Theme 88,Tuberculosis,"activities aimed at the prevention, diagnosis and/or treatment of
                            tuberculosis (tb)
",5
Theme 89,Neglected Tropical Diseases,"activities aimed at prevention, control and treatment of neglected
                            tropical diseases (ntds)
",5
Theme 91,Health systems and Policies,"programs and policies which aim to bring about improvements in the management, financing and
overall functioning of health systems.
                                                     78
",5
Theme 92,Health System Strengthening,"activities which aim to improve the stewardship, management and
                                  overall functioning of health systems.
",5
Theme 93,Health Service Delivery,"activities which aim to improve accessibility and utilization of
                                  quality health services.
",5
Theme 94,Health Finance,"activities which aim to improve health financing systems to increase
                           service coverage and financial protection.
",5
Theme 96,Reproductive and Maternal Health,"activities to improve reproductive health and reduce maternal
                           morbidity and mortality.
",5
Theme 97,Adolescent Health,"activities that improve the health status and well-being of
                                adolescents as well as promote safe behaviors.
",5
Theme 98,Child Health,"activities aimed to improve the health status of children, and reduce
                                child morbidity and mortality.
",5
Theme 80,"Fragility, Conflict and Violence","roughly speaking, fragility is defined as a risk/ vulnerability (experienced by countries) for (i) violent
conflict usually of a political nature; (ii) social and interpersonal violence; (iii) repeated political crisis that
undermine the functioning of a state or a specific local governance structure; and (iv) a general state of anomie in
which institutions (state and societal) are so dysfunctional that basic management of society and economy is not
possible. such vulnerabilities in most cases tend to create violence and conflict.
countries face multiple and overlapping forms of fragility, conflict, and violence (fcv) – impacting all client types
– lics/mics/hics.emerging trends of fcv in the 21st century include civil conflict, subnational conflict, cross
border violence, political violence, internationalized conflict, conflict-induced forced displacement, organized
crime and trafficking, urban violence, and gender-based violence.
",6
Theme 18,Trade,"trade and competitiveness (t&c) is supportive of an open, rules-based, predictable multilateral
trading system, and among its objectives are to help countries participate in and enjoy the benefits of such a system.
key strategies for reaching these goals are supporting trade agreements, emphasizing trade and competitiveness at
the core of national development strategies, and promoting trade-related reforms through effective aid for trade
programs.
",6
Theme 81,Conflict Prevention,"conflict prevention refers to strategies used in the pre-violent phase, at
                              the front-end of the curve of conflict. they may include measures to increase trust
                              and establish predictability among the conflict parties. these strategies are intended
                              to keep disputes from escalating into violence.
                              much of wbg efforts aimed at tackling fcv do not address drivers most likely
                              affecting the absence of peace and stability. given the current risk-based approach
                              for addressing fcv, serious consideration must however, be given to the importance
 conflict prevention 
                              of the core, underlying causes of fragility and its prevention. underlying drivers of
                              fragility are often manifested in patterns of exclusion, discrimination and
                              patrimonialism and state capture by elites. horizontal inequalities, such as
                              inequitable access to political participation, land, decent employment, and public
                              services,” injustice”, “inequality”, “corruption” are as significant as economic
                              drivers in conflict.
",6
Theme 83,Forced Displacement,"interventions that address the developmental implications of forced
                          displacement for host countries, host communities and/or the displaced populations
                          (refugees and internally displaced persons). such interventions may be targeting
                          different stages of the displacement period, including preparedness/prevention in
                          advance of displacement, mitigating negative impacts during displacement or
                          facilitating solutions/resolutions for protracted situations.
",6
Theme 90,Non-communicable Diseases,"activities aimed to reduce morbidity and premature mortality from
                                  cardiovascular disease, hypertension, cerebrovascular disease, peripheral vascular
                                  disease, cancer, chronic obstructive pulmonary disease, asthma, diabetes, mental
                                  illness (including depression, post-traumatic stress disorder, suicide, psychosis,
                                  alcohol and drug abuse), other non-infectious, chronic conditions such as arthritis,
                                  osteoporosis, etc. this would also include preventable injuries (excluding
                                  road/traffic accidents).
",6
Theme 59,Personal and Property Rights,"chronic grievances and perceptions of injustice are indicators of
                             development failures and potential drivers of conflict and violence. in many
                             developing environments formal justice sector institutions may not be accessible,
                             legitimate or effective sites to manage these grievances and promote rights. the
                             bank supports both analytical and operational work aimed at supporting
                             institutional arrangements for the management of conflicts, and mediation of
                             rights and entitlements, typically around social order problems (urban violence,
                             community justice, gender-based violence); land and natural resource disputes;
                             and grievances around the distribution of public assets.
personal and property rights
",6
Theme 62,"Transparency, Accountability and Good Governance","open government – increased transparency, citizen participation and
                        collaboration between government and citizens – is a key driver of development in
                        the 21st century. citizen-centric governance, with openness as a central pillar,
                        improves the use of public resources, facilitates inclusive decision-making
                        processes and increases trust between governments and citizens. governments that
    transparency,       are more open are governments better positioned to act effectively and efficiently,
accountability and good to foster private sector growth and to respond to the true needs of all citizens.
   governance 
",6
Theme 17,"Migration, Remittances and Diaspora Engagement","wbg activities relating to migration, remittances and diaspora
                            engagements in sending and receiving countries. they include monitoring migration
                            and remittances trends globally and at the country level, analytical work on drivers
                            and impacts of internal and international migration, benefits and costs of migration,
                            leveraging remittances and diasporas for development, and innovative financing
                            mechanisms such as diaspora bonds.
",7
Theme 27,Job Creation,"job creation: projects with interventions that relate to the creation of
                             more direct, indirect, and/or inclusive jobs* for project target beneficiaries, whether
                             short or long term.
                             also includes job creation from the establishment of new firms/enterprises (firm
                             entry), and increases in entrepreneurs* and self-employed and their businesses.
                             *note: jobs = “activities that generate income, monetary or in kind, without violating
   job creation 
                             human rights” (wdr 2013)
",7
Theme 82,Post-conflict Reconstruction,"post –conflict reconstruction activities can be broadly defined as those
                     interventions 1) that focus on mainstreaming sensitivity to fcv across the wbg
                     portfolio (‘doing-no-harm’ or ‘doing-some-good’); 2) activities that address the
                     direct outcomes of fcv. efforts to mainstream fcv sensitivity in the wbg’s
                     portfolio is an approach designed not necessarily to solve the fundamental
                     impediment to development and stability but rather to address a development deficit.
                     these types of wbg interventions aim to help mitigate reputational risks to the bank
                     in complex fragile, conflict and transition settings. this includes ensuring that, at
                     minimum, wbg activities ‘do no harm’ in fcv environments and that, where
                     possible, projects help target conflict affected people. this is often achieved by
   post-conflict
                     adjusting the current portfolio and large-scale investments across sectors.
reconstruction 
",7
Theme 2,Fiscal Sustainability,"programs aimed at ensuring its current spending and revenue
                                   decisions do not lead to growing debt levels that could threaten the government’s
                                   solvency. fiscal sustainability refers to a government’s capacity to service debt,
                                   to maintain the current revenue and spending policies to support inclusive growth
                                   and poverty alleviation over the medium-to long-term.
   fiscal sustainability 
",7
Theme 118,Urban Infrastructure and Service Delivery,"activities and investments contributing to the development and
                            improvement of citywide infrastructure and service delivery.
",7
Theme 143,Air Quality Management,"interventions that address prevention and abatement of air
                                   pollution.
",7
Theme 71,Social Inclusion,"activities that identify groups excluded on the basis of their identity and include specific actions or
 mechanisms to address their needs and promote their inclusion.
",7
Theme 51,Housing Finance,"the objective of housing finance is to develop deep, resilient and
                      affordable housing finance markets that are accessible to rising middle-income but
                      also to lower/informal income households; where risks are well-managed and
                      regulated and policy interventions are comprehensive, socially targeted and fiscally
                      responsible.
                      the core programs that will be covered by this sector code include: (i) developing
                      resilient     housing      finance      markets     (diagnostic,    building    blocks,
                      legal/regulatory/policy reforms, institution building); (ii)long term funding:
                      capital market solutions to provide local currency long term funding; (iii) housing
                      finance for the poor: implementing suitable system and products, credit markets,
housing finance 
                      housing microfinance, rental housing, residential leasing, contractual savings,
                      smarter subsidies, guarantee/ insurance schemes for lower & informal income
                      households, and; (iv) affordable housing (with suur): reducing the cost of formal
                      housing, improving access to finance for developers, reforms of land use and
                      primary infrastructure, facilitate titling, introduce cheaper technologies and building
                      techniques, support energy efficient buildings.
",8
Theme 45,MSME Finance,"msme financial support targets the financial needs of this component
                    of the enterprise sector which, in general represents well over 95 percent of total
                    registered firms, creating around 60 percent of all jobs and contributing between 35
                    and 55 percent of gdp. traditionally, support has been provided in the forms of lines
                    of credit through apex lending institutions or second tier banks for on lending to
                    msmes at market based interest rates. this has clear linkages with the president’s
                    overall financial inclusion agenda and the 2020 targets that have been developed
                    around this.
                    increasingly msme financing support is focusing on the design and improvement
                    of credit guarantee facilities; developing financing support for msmes operating in
                    the agricultural sector; working on early stage financing interventions around angel
msme finance 
                    finance, seed finance, and series a & b lending; innovative possibilities for
                    financing msmes based upon new fintech solutions (crowd funding, p2p lending,
                    use of big data, digital finance, etc); working with state owned financial
                    institutions (sofis) around their sme lending agenda (both advisory and lending);
                    and the utilization of other types of government support programs such as
                    government procurement targeted at smes.
                    this works links in crucially with the work around financial sector infrastructure (a)
                    credit information systems; (b) insolvency and creditor rights; (c) secured
                    transactions registries; (d) payments systems; and (e) enhanced auditing and
                    accounting practices for smes.
",8
Theme 78,Social Protection Delivery Systems,"activities focused broadly on developing social protection and labor
                           (spl) policy and systems. country-level spl systems work at the administrative
                           and policy levels to coordinate programs across the three main sp functions:
                           resilience (mainly social insurance), equity (mainly social assistance), and
                           opportunity (mainly labor market programs). this does not include
                           administration, institution building, and policy development for individual spl
                           programs. this does include assessments/analytical work, capacity building,
                           institutional and policy reform, and knowledge sharing with the objective of
                           building the administration or policies for spl systems across all spl programs.
",8
Theme 53,Public Expenditure Management,"world bank interventions in public expenditure and financial
                               management generally aim to contribute to the achievement: budget reliability,
                               transparency and accountability of public finances, effective management of assets
                               and liabilities, policy-based fiscal strategy and budgeting, predictability and control
                               in budget execution, accounting and reporting, external oversight of public finances.
                               improved pfm is expected to contribute to improvements in aggregate fiscal
                               discipline and allocative and operational efficiency of public expenditure, which in
                               turn will contribute to more and better service delivery and improvements in broader
                               development outcomes.
",8
Theme 47,Finance for Development,"to provide support to countries in implementing new instruments and capital markets solutions to
close large financing gaps focusing on financing for agriculture, infrastructure and housing finance; to manage
the rising costs of climate and disaster risk; and to develop sustainable and efficient pension and insurance
systems.
",8
Theme 75,Social Protection,"activities that promote (i) resilience by helping individuals, households and communities better insure
against, different types of risk; (ii) equity by reducing poverty and destitution; and (iii) opportunity by building and
protecting human capital and improving skills and access to jobs. the arrangements used comprise informal,
market-based, and publicly provided activities, and are centered on managing risk.
",8
Theme 160,Access to Energy,"support for new or improved access to modern energy services.
",8
Theme 5,Tax Policy,"tax policy refers to a government’s ability to design and make
                            operational a country’s tax system in consistency with revenue generation,
                            efficiency (technical and administrative) and equity principles of taxation. it
                            includes activities that influence the tax architecture, tax instruments, tax rates and
                            coverage, changes in the tax base (including tax incentives), and tax compliance,
                            including behavioral responses. international tax policy issues also include
                            spillovers across countries, profit shifting and tax base erosion, and transfer
                            pricing.
    tax policy 
",9
Theme 124,Rural Development,"the rural development theme encompasses investments and activities taken up in the rural space
targeting rural population. these include rural infrastructure, services including agricultural extension, local
economic development, rural non-farm development including rural micro and small enterprises, rural markets,
financial inclusion, livelihoods, landscape and natural resource development, land development and administration
and rural institutions, community based rural development and skill development for rural jobs.
the topic is multidisciplinary in nature and cuts across various gps including agriculture, environment and natural
resources, social development, trade and competitiveness, gender and jobs ccsa.
                                                      95
",9
Theme 4,Debt Policy,"debt policies are legal provisions, regulations, and restrictions for
                          debt issuance processes of general and local governments. they aim to preserve
                          the government’s ability to service its debts over time without resorting to
                          extreme tax distortion and inflationary or costly borrowing from domestic or
                          foreign financing sources. they cover activities that change the maturity, currency
   debt policy 
                          composition of public and publicly guaranteed debt (external and domestic), the
                          issuance of new debt, the management of the existing debt portfolio, and the
                          compliance of debt management activities with primary and secondary legislation.
                                               2
",9
Theme 127,Rural Infrastructure and service delivery,"service delivery is key to the development of rural regions this changing
                         rural situation requires the introduction of policy models that strengthen the capacity of
                         rural areas to adapt. from creating and sustaining employment to the provision of
                         services and infrastructure such structures, systems, facilities and the services necessary
                         for the rural economy to function.
",9
Theme 54,Domestic Revenue Administration,"world bank interventions in the design and implementation of reforms
                     of tax administration and policy and management of non-tax revenue aimed at: (i)
                     supporting revenue generation for sdgs and service provision for the poor as well
                     as growth-enhancing infrastructure; (ii) supporting a sound business climate; (iii)
                     boosting shared prosperity; (iv) improving revenue compliance, including by
                     reducing the cost of compliance, and enhancing the efficiency and effectiveness of
                     revenue administration.
",9
Theme 6,Subnational Fiscal Policies,"activities that change sub-national tax and revenue policies,
                            subnational borrowing (levels, composition, economic and poverty impacts).
                            such policies by sub-nationals that pose fiscal risks to central government
                            (directly or indirectly).
subnational fiscal policies
",9
Theme 7,Macro-financial policies,"policies that focus on the interaction and spillovers between macroeconomic conditions (both domestic
and external) and the domestic financial sector; including domestic and external financial liberalization.
",9
Theme 77,Social Insurance and Pensions,"activities that support policy frameworks that protect old age income,
                            prevent old age poverty, and establish social insurance and public assistance for
                            persons with disabilities and survivors. instruments may be contributory or non-
                            contributory, public or private, mandatory or voluntary, including support for
                            occupational pension schemes, schemes for all or part of the public sector, and
                            sub-national schemes.
",9
Theme 1,Fiscal Policy,"fiscal policy refers to government actions involving its revenue, expenditures, transfers
 and financing. in this regard, the main activities involve changes in the level and composition of taxation, non-tax
 revenues, public spending, and public borrowing (including policy analyses and strategy formulation). the way a
 government manages its budget and borrowing affects growth, income distribution, and macroeconomic stability
 in a country.
",9
Theme 11,Economic Growth and Planning,"programs that focus on the determinants of sustainable economic growth, links between growth and
poverty reduction, and policy modeling.
",9
Theme 119,Services and Housing for the Poor,"activities supporting extension or improvement of services and /or
                       housing for low income households in urban or peri-urban areas.
",9
Theme 126,Rural Non-farm Income Generation,"activities supporting incomes generation from off-farm and non-farm
                         sources in rural areas.
",9
Theme 13,Structural Transformation and Economic Diversification,"programs aimed at assisting countries to (a) diversify economic
                          activities for strong and sustainable growth; and (b) gradually move away from low
                          productivity activities to higher ones.
structural transformation
",9
Theme 3,Public Expenditure Policy,"policies and programs that that focus on the level, composition,
                          efficiency, equity and effectiveness of public spending expenditure at national and
                          subnational levels of government and its economic and poverty impacts, including
                          on the bottom 40% of a country’s population.
public expenditure policy",9
Theme 38,ICT Policies,"ict policies refer to technical assistance or policy triggers directly
                            related to telecom and ict policies, regulations, and legislations/law.
",9
Theme 12,Inclusive Growth,"programs and analyses that look into whether or not all segments of
                              society – rich and poor, male and female, young and old – get equal opportunities
                              to participate in a country’s growth process and benefit from it.
                                                    6
",9
Theme 8,External Finance,"analyses and supporting macroeconomic policies aimed at ensuring
                               orderly conditions in external finance and cross-border flows.
",9
Theme 99,Demographics and Aging,"activities that support research and policy formulation on links between demographic change and
development.
",9
Theme 43,Credit Infrastructure,"credit infrastructure is the set of laws and institutions that enables
                              efficient and effective access to finance, stability, and socially responsible economic
                              growth, with particular focus on:
                                      credit reporting.
                                      secured transactions & collateral registries; as well as creditor/debtor rights.
                                      insolvency, npl and debt resolution.
                              the wbg is also the global standard setter, designated by the financial stability
                              board, in the area of insolvency and creditor/debtor rights. it has developed the world
   credit infrastructure      bank principles for effective insolvency & creditor rights systems which, together
                         with the uncitral legislative guide, form the global standard for insolvency.
                              countries can seek assistance from the wbg in being benchmarked against these
                              standards through the report on the observance of standards and codes (rosc)
                              program.
                              non-existent or poor credit infrastructure poses considerable risks and constrains
                                                       32
  financial institutions’ ability to expand their financial products and services.
 however, the availability of credit information sharing, secured lending, and rules
 that govern distressed businesses and bankruptcy, significantly increases their
 willingness to support the underserved and unserved individuals and micro, small,
 and medium enterprises (msmes). besides boosting access to finance, credit
 infrastructure plays a crucial role in mitigating investor and creditor risk, reducing
 the instability that could be caused by high levels of non-performing loans. this, in
 turn, lowers the cost of credit. the possibility of using reputational, traditional, and
 non-traditional collateral helps individuals and msmes gain access to finance as well
 as more favorable and competitive financing options. the wbg helps its clients and
 the global community establish and/or strengthen credit reporting, secured
 transactions, and insolvency as well as creditor/debtor rights systems. we focus on
 countries where limited financial inclusion and weak insolvency systems remain a
 severe constraint to individuals and msmes.
",10
Theme 49,Agriculture Finance,"the goal is to enhance access of farmers and agricultural small and
                          medium enterprises to suitable financial services as a way to: (1) increase
                          agricultural income; (2) reduce vulnerability to agricultural shocks, and; (3)
                          facilitate the consolidation of farms into larger units.
                          agricultural finance interventions aim at expanding access to finance particularly
agriculture finance 
                          to small holder farmers and agriculture sme agribusinesses in developing countries,
                          so as to facilitate the improvement in productivity, resilience and profitability of
                          those actors and entities, increase financial inclusion in the agriculture/rural space
                          and facilitate the transition of non-viable smallholders out of agriculture.
                          interventions and activities include:
                               expansion of a variety of (preferably private) financial services not solely
                                   those related to provision of credit, but also including savings, leasing,
                                   payment systems, digital finance and insurance products tailored to the
                                   needs and requirements of farmers (emphasis on small holders) and
                                   agricultural smes.
                               strengthening the main suppliers of financial services to agriculture and
                                   agricultural smes (financial cooperatives, mfis, value chain firms, public
                                   institutions as well as banks).
                               definition of adequate public policies and regulatory frameworks.
                          agricultural insurance interventions aim to expand the use of innovative insurance
                          solutions to help farmers’ access financing and improve their resilience in the face
                          of natural disasters, which is being exacerbated by climate change. the program
                          focuses on:
                               technical assistance to ministries, regulators and specialized government
                                   agencies, project implementation work with insurance companies, financial
                                   institutions and regional economic bodies.
                               supporting the development of risk transfer schemes at the regional level to
                                   provide cost effective and timely reinsurance capacity to local markets.
                               providing dedicated national and regional skills transfer programs through
                                   long term attachments or specialized university level trainings.
                               better aligning of risk management solutions with the promotion of selected
                                   value chains focusing on cash crops specific to national/regional food
                                   security agendas/trade efforts.
",10
Theme 31,Enterprise Development,"improves the competitiveness of micro, small, and medium enterprises (msmes) and the
environment in which they operate. this includes but not limited to how firms can access skills that increase their
knowledge, productivity, and competitiveness through demand-side interventions and improved matching with
the supply-side.
",10
Theme 34,MSME Development,"improves the competitiveness, management quality, performance and
                             market linkages, technology support of micro, small, and medium enterprises
                             (msmes).
  msme development
",10
Theme 84,Gender,"gender refers to the social, behavioral and cultural attributes, expectations and norms associated with
being male or female. gender equality refers to how these factors determine the way in which women and men
relate to each other and to the resulting differences in power between them.
for the purposes of coding, the theme encompasses wbg activities that -- irrespective of sector -- address
and/or close gaps between males and females (for example: gaps in financial inclusion, agricultural productivity,
occupational sex segregation, gaps in participation in local service delivery management, etc.) and other gaps that
may be identified in the scd/cpf at the country level (e.g., low female labor force participation relative to male
labor force participation).
examples of coded activities:
energy
     lao pdr rural electrification project phase 1 supported the “power to the poor” (p2p) program of the
         lao government. this program, implemented by electricité du laos (edl) is a targeted, subsidized,
         affordable, and sustainable financing mechanism for connection and indoor wiring for to the poorest rural
         households. it is designed with a gender focus to provide an interest free credit that allows the poorest rural
         households, who cannot afford to pay the entire costs of connection and internal wiring up front, to access
         the main electricity grid for basic service. the monthly payments for both the credit and electricity
         consumption are designed to be about the same as the cost for lighting by candles, diesel lamps, or car
         batteries prior to electrification. the pilot results showed that the increase in connection rate of female-
         headed households attributable to the p2p program design went from 63 percent to 90 percent.
agriculture
     agricultural support project, côte d’ivoire. in côte d’ivoire, the cashew processing workforce is made
         up of low-skilled workers, and women are primarily engaged in shelling and peeling tasks, for which
         productivity increases steeply with tenure and experience on the job. the agricultural support project
         aims to provide training and child care in areas where new medium-sized cashew processing factories will
         be opened. starting in fy16, an impact evaluation will examine the impact of child care on women’s
         employment and productivity and on firm output.
        levelling the field: improving opportunities for women farmers in africa, a joint world bank–
         one campaign policy report published in 2014, analyzes the factors that drive productivity gaps between
         male and female farmers and offers policy makers concrete actions to close those gaps. the report's findings
         are influencing client programs and operations. the democratic republic of congo growth poles project
         team, for example, decided to test one of the report's policy recommendation on the provision of rural child
         care to address women's child-care responsibilities and help them spend more time on agricultural work.
water
     the indonesia second additional financing for the third water supply and sanitation for low
         income communities/community based water supply project uses several approaches to give women
         in indonesia a voice in wss decision-making. communities plan and implement wss improvements of
         their choice. the project includes rules aimed at widening community participation in decisions,
         specifically targeting women for greater project success. the project will also support mobile-based
                                                      73
         monitoring systems, gender sensitivity tools, and social audits to enhance accountability of service
        providers. the community level process makes poverty targeting and gender equity transparent and
        verifiable by all stakeholders.
entrepreneurship
     the women entrepreneurship development project in ethiopia seeks to increase the earnings and
        employment of micro and small enterprises that are owned or partly owned by urban female entrepreneurs
        through a two-pillar approach. the first pillar tailors financial instruments to the needs of the participants
        by providing working capital and investment finance through a dedicated line of microfinance credit. this
        pillar also aims to improve the capacity of existing microfinance institutions to serve female growth-
        oriented entrepreneurs with tailored financial products. the second pillar develops the entrepreneurial and
        technical skills of the target group and supports cluster, technology, and product development for their
        businesses.
transport
     via lilas, rio de janeiro: this transport project uses existing supervia (metropolitan train) and teleferico
        (cable car) infrastructure in rio de janeiro to provide information about violence against women and girls
        (vawg) and associated services as outlined in the maria da penha law on domestic and family violence
        through kiosks in transit stations. the via lilas kiosks provide the rail network’s 700,000 daily passengers
        with access to information for responding to violence. in approximately three minutes, women can find
        phone numbers and location details for support services, and can register to receive a text message with
        more information. initiatives like this are innovative because they build upon existing systems to
        disseminate information and to raise awareness about services available for vawg survivors. the stations
        themselves house multiple services for survivors in an attempt to make support services more accessible.
       a survey of the liaoning urban transport project in china showed that between 70 and 80 percent of
        respondents were not auto users and had a greater need for sidewalks, secondary road repairs, and street
        lights. in general, women were more dissatisfied with the transport system than men. participatory
        consultations with women and men facilitated a dramatic change in the original urban transport project to
        include secondary road and pedestrian walkway improvements and traffic management safety measures.
ict
       eghana: creating jobs for women in the ict industry (it enabled services, business process outsourcing).
        eghana is credited with employing women in the it industry and helping create strong ict skills among
        women and young girls employed through the project. etransform ghana, a follow-up operation, builds
        on the results of the earlier project and includes an eid component that for the first time allows women to
        be included in processes related to digital identity, obtaining credentials, and authentication, all essential
        elements to online service delivery, financial inclusion, and social protection.
gender based violence
     the great lakes emergency sexual and gender-based violence and women's health project uses
        a multi-sectoral approach to address both the needs of survivors of sexual and gender based violence
        (sgbv) and of other vulnerable women in the targeted communities. the project aims to build solidarity
        and strengthen social cohesion as well as boost the capacity of health systems to deal with a full range of
        medical and mental health issues affecting survivors and other vulnerable women. key maternal and
        reproductive health services serve as an entry point for early identification and referral of survivors of
        sgbv, while the integrated response aims to support survivors’ physical, mental, social and economic
                                                     74
          well-being. men and children will also benefit from select project activities, as survivors of sgbv, as
         family members of survivors, and in the case of men as agents of change.
examples of excluded activities:
activities that do not have a bearing or impact on gaps between males and females. for example:
     a deposit insurance project, which aims at improving the financial and institutional capacity of a deposit
         insurance fund (such as deposit payout and overseeing the liquidation of insolvent banks).
     a public financial management project to procure computers or software to upgrade ministry of finance
         budget control/accounting systems.
mapping and ownership
relevant practice group:
    sustainable development
    human development
    equitable growth, finance and institutions
relevant global practices/cross-cutting solution areas:
    finance and markets          macroeconomics & fiscal management            education
    governance         poverty      trade and competitiveness       health    social protection and labor
agriculture         energy and extractives     environment and natural resources          social, urban, rural, and
resilience          gender     transport and ict         water
main contact point(s):
primary contact: stefano mocci (gen)
secondary contact: komlan kounetsron (urs)
                                                no level 3 themes
                                                       level 2
                                             disease control 
",11
Theme 46,Financial Inclusion,"financial inclusion is defined as access to, and usage of, a range of
                    appropriate and affordable financial services, including savings, insurance, payments,
                    and credit. financial consumer protection and financial capability (also referred to
                    as literacy) are considered as essential to ensure safe and beneficial financial access
                    and inclusion. financial inclusion engagements include (1) assistance to national
                    authorities to improve the policy, legal, regulatory, supervisory, and institutional
                    framework to create an enabling environment for responsible financial access and
                    inclusion while preserving the stability of the system, and to meet their financial
                    inclusion-related goals; (2) development of guidance, diagnostic tools, and toolkits
                    for these purposes; (3) asa and lending operations to expand financial access and
                    improve financial inclusion, and (4) technical inputs for the g20 global partnership
                    for financial inclusion (gpfi), relevant ssbs and other international task forces.
financial inclusion
      
",12
Theme 48,Disaster Risk Finance,"agricultural market development: development of micro or meso-
                      level insurance products and markets in support of disaster risk financing for
                      agriculture. involves increasing the capacity to use domestic insurance markets to
                      support financial protection of households and firms against disasters.
                      insurance-based solutions for resilient livelihoods: application of insurance-
                      based tools and approaches in disaster risk financing for resilient livelihoods.
                      involves applying actuarial skills and techniques to the design of shock-responsive
                      safety net systems that provide financial protection to vulnerable households and
                      communities. this business line responds to growing momentum to explore the use
                      of cash transfers as a response mechanism to disasters, and facilitating a greater role
disaster risk finance
                      for national actors in humanitarian response.
        
                      sovereign disaster risk financing: increasing the capacity of sovereigns to better
                      plan, prepare for, and manage the financial aspects of disaster-related risks. links to
                      work on public financial management, public debt management, macroeconomics
                      and fiscal stability, and the structuring and execution of financial solutions.
                      sub-national disaster risk financing: increasing the capacity of sub-nationals
                      and soes to better plan, prepare for, and manage the financial aspects of disaster-
                      related risks. links to work on public financial management, public debt
                      management, macroeconomics and fiscal stability, and the structuring and execution
                      of financial solutions.
                      public financial management of natural disasters: developing policy
                      frameworks and implementation plans to support a more comprehensive approach
                      to public financial management of natural disasters.
",12
Theme 42,Financial Infrastructure and Access,"the financial infrastructure and access theme refers to activities that promote access to financial
 services and the financial system, including transaction accounts, savings, and credit. this theme is applicable
 to access initiatives for both firms and individuals. this theme focuses on the legal, regulatory and supervisory
 frameworks and financial infrastructure for financial access and financial inclusion, including payment systems,
 credit reporting systems, secured transactions and insolvency frameworks, financial consumer protection,
 financial literacy, savings, microfinance, sme finance, alternative delivery channels, and universal financial
 access.
",12
Theme 111,Skills Development,"skills development is a life–long process that proceeds in stages, each
                                  building on the previous one. foundational skills comprise the basic cognitive
                                  skills, such as literacy and numeracy, and socio-emotional skills, such as self-
                                  regulation and empathy, which children typically acquire in primary school and
                                  that are honed in adolescence. job-specific skills (hard skills) describe a person's
                                  technical skill set and ability to perform specific job-related tasks. socio-
   skills development 
                                  emotional skills help people navigate complex situations, focus on tasks, tolerate
                                  frustration and interact effectively with other people.
",12
Theme 44,Payment & Markets Infrastructure,"payment and settlement systems are the infrastructure elements established
to facilitate the clearing and settlement of monetary and other financial transactions.
the national payments system (nps) is the collection of all payment and settlement
systems covering large value payment systems, securities settlement systems, inter-
bank money markets and foreign exchange related systems, retail payment systems
including for ecommerce, international remittances, government payment systems for
payments made and received by government; and cross-cutting areas like legal and
regulatory framework, oversight framework and co-operation framework. safe and
                           33
                      efficient nps (i) promote economic and financial sector development, (ii) support
                     financial stability, and (iii) are a critical enabler of financial access and inclusion
payment & markets
",12
Theme 30,Public Private Partnerships,"ppp is defined as, “any contractual arrangement between a public entity or authority and a
private entity, for providing a public asset or service, in which the private party bears significant risk and
management responsibility.”
‘public services’ include any service that the relevant government considers its responsibility to provide or ensure
is provided. the focus on long-term assets reflects the long-term nature of a ppp contract. for the most part this
means ppps deal with fixed assets, but may also include related long-life assets that are somewhat purpose or
site-specific, such as train rolling stock. ‘public asset or service’ refers to basic services where there is not a
competitive market for their provision. therefore, it excludes activities such as cell licenses, real estate and
mineral resource exploitation.
key ppp criteria:
      public good or service.
      operational responsibility rests with the private sector.
      there is a legal agreement.
      long-term contractual arrangement.
      payments are often linked to performance.
in order to select a ppp option for a lending operation or an advisory mandate, one of two requirements should
be met:
      1. part or the whole project is expected to be procured through ppps.
      2. the project includes specific or targeted actions that support ppps.
",12
Theme 9,Monetary and Credit Policies,"programs looking into monetary, credit and interest rate, and exchange
                         rate policies and their interaction with the financial and real sectors.
",12
Theme 26,Jobs,"the purpose of the jobs code is to:
     (i) identify interventions explicitly focused on addressing jobs-related challenges and track progress over
          time
     (ii) enable operational teams to access best practice resources from the jobs-coded portfolio as well as
          technical support from the jobs ccsa.
the jobs code will track all wbg activities that have an explicitly stated and substantive link to creating more,
better, and/or inclusive jobs. explicit and substantive refers to activities selected or designed with a focus on
jobs. activities intended to analyze or diagnose labor market and jobs-related challenges in a country, program,
or specific project may also be included even if not aiming to create jobs.
specifically, a first order objective or expected development impact of the activity must be to create better, and/or
inclusive jobs. this means that either direct and indirect job creation or improvement can be covered, if it is a
part of the focus of the operation (lending and non-lending) or investment. if job creation or improved job quality
is simply a by-product / secondary result of an activity with another primary objective or expected development
impact, this condition is not met.
teams should use the jobs code when there is a reference to addressing a jobs-related challenge in one or more
of the following: the project title, development objective, expected development impact, results framework,
and/or components.
all instruments are relevant - lending (ipf and dpf) and non-lending (ta and esw).
the three level 3 codes are not mutually exclusive.
                                                     16
",13
Theme 115,Nutrition,"activities aimed at improving nutritional status and reducing all forms of
                            malnutrition, including:
                                      stunting/chronic undernutrition
                                      underweight
                                      wasting
                                      micronutrient deficiencies
                            overweight/obesity: to be included as nutrition activities, the following criteria must
                            be met:
     nutrition              1. the project has an explicit nutrition objective (does not have to be pdo-level
                                     objective) or nutrition indicator. nutrition indicators should be specific to
                                     nutrition and not only an indicator to benchmark progress towards a nutrition-
                                     sensitive outcome.
                                 2. the project must contribute to nutrition-specific and/or nutrition-sensitive
                                     outcomes which are explicit in the project design through activities,
                                     indicators, and expected results.
",13
Theme 35,Regional Integration,"supports country clients in trade and regional integration (such as eeu integration and eac
integration), economic integration, innovation and integration policy, and trade and integration.
",13
Theme 28,Job Quality,"job quality includes projects addressing worker productivity, working
                   conditions and benefits, earning outcomes, sustained jobs and any social benefits
                   accruing from jobs. components of jobs quality projects include interventions
                   addressing health safety laws, core labor standards, better working hours,
                   unemployment insurance, social pension, income diversification support, social
                   cohesion etc.
",13
Theme 36,ICT,"ict level 2 theme code applies to all activities which have ict related interventions.
",13
Theme 114,Nutrition and Food Security,"programs that include objectives and specific activities related to improving nutritional status or food
security at the household level.
",13
Theme 116,Food Security,"programs that include objectives and specific activities related to food
                    security at the household level.
",13
Theme 129,Land Administration and Management,"activities aiming at land policy and rights, regulatory framework on land,
                      land rights regularization, land and property registration, cadastre and cadastral
                      mapping, state land inventorying, property valuation, property taxation, land use
                      planning, land management, and state land management services and systems, and
                      geospatial data, infrastructure and services.
 land administration
",14
Theme 131,Land Policy and Tenure,"initiatives supporting land tenure, land policy, land rights, land rights
                            regularization, land reform, land governance, regulatory framework on land and
                            dispute resolution arrangements.
",14
Theme 10,Macroeconomic Resilience,"programs that analyze and policies that address the vulnerability of the
                         domestic economy to external and domestic shocks, taking into account spillovers
                         between global conditions, the domestic macro economy and the domestic financial
                         sector.
macroeconomic resilience
",14
Theme 109,Private Sector Delivery of Education,"interventions that relate to the provision of education by groups
                                outside of the public sector such as ngos, community organizations, faith-based
                                organizations, and for-profit companies. this includes independent private
                                schools, government-funded private schools, privately managed schools, and
                                voucher schools.
",14
Theme 135,Disaster Response and Recovery,"activities supporting response, recovery and reconstruction following
                                   a natural disaster in affected countries, equipping governments and disaster risk
                                   management practitioners with the necessary skills and resources to conduct their
                                   own post-disaster assessments and resilient reconstruction planning, and
                                   supporting the implementation of large reconstruction programs.
",14
Theme 15,Spatial Growth,"programs that analyze the spatial dimension of economic growth
                     including work related to economic geography, that is, where economic growth
                     occurs and why
",14
Theme 68,Data Development and Capacity Building,"lending, grants, or ta for (i) improvements of the enabling environment supporting increased
quantity, quality, dissemination and use of data; and/or (ii) direct support for data collection, curation,
dissemination or use of national or subnational data about developing countries’ economic, social, and
environmental variables.
",14
Theme 76,Social Safety Nets,"activities intended to provide social assistance or social care services
                            targeted in some way at the poor and vulnerable (i.e., in-kind or cash assistance to
                            poor and vulnerable individuals or families, including assistance to help cope with
                            consequences of economic or other shocks).
",14
Theme 134,Disaster Risk Management,"processes for designing, implementing, and evaluating strategies, policies, and measures to improve
the understanding of disaster risk, foster risk reduction and transfer, and promote continuous improvement in
disaster preparedness, response, and recovery practices, with the explicit purpose of increasing human security,
wellbeing, quality of life, and sustainable development.
",14
Theme 136,Disaster Risk Reduction,"technical advice, capacity building, and implementation assistance,
                              for governments, civil society, and the private sector to create and improve
                              policies and legislation needed for better land use planning, and to drive
                              investment aimed at reducing risk based on risk information.
",14
Theme 137,Disaster Preparedness,"activities aiming to improve forecasting and early warning systems,
                              contingency and emergency response plans, strengthen civil protection services
                              and improve protocols to help local communities anticipate, prepare for, and
                              quickly respond to disasters.
",14
Theme 148,Fisheries Policies and institutions,"improving global fisheries management (both capture fisheries and
                       aquaculture), with a view to increasing their economic, social, and
                       environmental benefits through sustainable approaches.
",14
Theme 16,Macroeconomic & Structural Policy Modelling,"development for client governments of advanced macro-structural and
                            cge models suitable for economic forecasting and simulation, including the in depth
                            analysis of the potential impacts of alternative policy or external development
                            scenarios.
",14
Theme 32,Entrepreneurship,"helps client governments seeking to foster entrepreneurial activity,
                            provides analysis and digital entrepreneurship programs designed to spur economic
                            activity in knowledge industries, reduce information asymmetries, create high-value
                            jobs, and spur high-tech innovation. helps women entrepreneurs overcome the
                            constraints they face in achieving full economic participation, and in maximizing
                            their potential contributions to the economy and to society.
 entrepreneurship 
",14
Theme 103,Science and Technology,"activities to promote scientific and technological knowledge and
                       innovation inside and outside of educational institutions. they can range from
                       initiatives to improve science curriculum and instruction in secondary schools to
                       research and development (r&d) grants at the tertiary level.
",14
Theme 105,Student Assessment,"activities that strengthen countries, teachers, and schools’ abilities to
                       collect and use information on student learning through assessments. this theme
                       also includes examinations on the tertiary level and skills certification.
",14
Theme 130,Geospatial Services,"services aiming at the collection, processing, analysis, visualization,
                      storage, and improving access and use of spatially-referenced data and information.
",14
Theme 154,Environmental policies and institutions,"analysis and promotion of policies in support of the objectives of “clean, green and resilient”
growth.
",14
Theme 69,"Data Production, Accessibility and Use","activities for the collection, curation, dissemination, and use of data
                      about developing countries’ economic, social, and environmental variables.
",14
Theme 50,Infrastructure Finance,"the use of non-traditional or alternative financing mechanisms and
                           contractual arrangements to fund and finance the development, construction,
                           operation, and maintenance of physical infrastructure (e.g. transport, electricity,
                           water and sewerage, and sanitation) or social infrastructure (education and health
                           care facilities).
                           the key objectives of capital markets programs are (i) to build capital markets as an
                           alternative and/or complementary source of financing to support critical sectors such
                           as corporate, smes, housing, and infrastructure, thus supporting economic growth;
                           and (ii) to transfer risks across different participants of the financial sector thereby
                           supporting the stability of the financial system. programs include developing the
                           enabling environment for capital markets transactions in general or for specific
                           sectors (corporate, smes, housing, infrastructure, etc.) as well as support to key
                           stakeholders (issuers, supervisors, industry associations, etc.)
  infrastructure finance   activities to develop the enabling environment for capital markets cover the legal
(including capital markets and regulatory framework for securities issuance, investment, and trading, and for
  and investment funds)    the supervision of market participants (issuers, investors, and intermediaries); tax
                      framework; market infrastructure and intermediaries. activities to support key
                           stakeholders include technical assistance to issuers (e.g. ministries of finance,
                           central banks, sub-sovereign entities, private sector entities); regulators (e.g. central
                           bank, capital market regulator); and industry associations (e.g. bond market
                           association).
                           programs are designed with an assessment of the current stage of capital markets
                           development and institutional capacity, taking a comprehensive view of financial
                           sector needs, with a careful sequencing of reforms to ensure that the pre-requisites
                           for successful reform implementation are present. typical sequencing emphasizes
                           government debt market development as the foundation for the development of non-
                           government securities markets and derivatives markets. however, programs are
                           tailored to country-specific circumstances.
                           this code also includes world bank activities and programs that help governments
                           develop various forms of investment funds -- including sovereign wealth funds,
                           strategic investment funds, private equity/ venture capital funds (pevc) etc. this
                                                   42
 code also includes activities and programs that support building the enabling
environment for investment funds.
",15
Theme 39,Financial Stability,"finance and market global practice provides financial sector diagnostics and policy advice to
 national financial sector regulators and supervisors to help build strong, efficient and inclusive financial systems
 with the view to promote financial sector development and financial stability.
",15
Theme 23,Investment and Business Climate,"helps governments improve their business environment through
                        diagnostics and reform programs that contribute to private sector growth and
                        productivity.
",15
Theme 40,Financial Sector Oversight and Policy/Banking Regulation & Restructuring,"focusing on prudential regulation and supervision as well as systemic
                               stability. providing policy advice and implementation support to national financial
                               sector authorities.
",15
Theme 100,Education,"the education sector facilitates learning experiences for children, youth, and adults in order to develop
a skilled and productive workforce to reduce poverty, accelerate growth, and boost shared prosperity. it includes
all types of formal learning from fine motor skills development in early childhood education to workforce training
and tertiary education.
it includes the following educational levels:
      early childhood education.
      primary education.
      secondary education (lower and upper).
      tertiary education.
      workforce development/skills.
      adult basic and continuing education.
      other education.
",16
Theme 133,Road Safety,"activities in urban, interurban and rural spaces that provide safe mobility on the road for all or any
class of road users to prevent them from being killed or seriously injured in a road traffic crash. road users might
include pedestrians, cyclists, motorcyclists, motorists, vehicles passengers, road based public transport users, etc.
projects which are designed to shift the transport of people or goods from road based transport to other modes
(water, rail) may have a road safety component by reducing exposure to road transport if it is a specific goal of the
project, which can be estimated based on risk reduction.
",16
Theme 153,Watershed Management,"activities that support watershed management. watershed
                           management is the integrated use of land, vegetation and water in a
                           geographically discrete drainage area for the benefit of its residents and
                           downstream water-users, with the dual objective of conserving or protecting
                           the hydrologic services that the watershed provides and of reducing or avoiding
                           negative downstream or groundwater impacts. it includes coordinated multi-
                           sectoral approaches in a spatial, hydrologic context. although watersheds,
                           catchments, or basins come in several sizes, ranging from small micro-
watershed management 
                           watersheds to trans-boundary watersheds, the work of watershed management
                           relates to modernizing information, institutions, and sustainable land and water
                           investments for improving watershed services (e.g. related to
                           erosion/sedimentation, hydrology, water quality, biodiversity, etc.) to improve
                           natural resources sustainability and improve productivity (e.g. in agriculture,
                           water supply, environmental flows, hydropower, climate resilience).
",16
Theme 70,Institutional Strengthening and Capacity Building,"institutional strengthening includes: technical assistance activities which
                         support legal and institutional frameworks for national or subnational statistics, open
                         data, geo-spatial data, the creation of inter-agency networks for the production or
                         dissemination of data, and similar government activities. capacity building includes
                         activities that enhance the skills of government or non-government stakeholders to
                         understand and use statistics or data.
",16
Theme 58,Legal Institutions for a Market Economy,"sound legal and regulatory frameworks are essential to facilitate
                         growth and equity enhancing policies from investment climate to infrastructure
                         provision to environmental safety to legal identity. the bank supports countries
                         on both the substance of such frameworks and the processes needed to produce
                         strong, context specific and implementable laws and regulations. the bank also
                         provides support for the institutions responsible for devising, implementing and
                         enforcing these frameworks.
",16
Theme 107,"Standards, Curriculum and Textbooks","activities that relate to the content delivered in educational
                          institutions including learning standards, curriculum, textbooks and other
                          teaching/learning materials. this includes initiatives to improve the relevance of
                          education content at all levels of the system.
",16
Theme 101,Access to Education,"interventions that address supply and/or demand issues in educational
                                access and equity.
",16
Theme 102,Education Financing,"initiatives to improve the funding structures of education systems and
                                educational institutions on all levels.
",16
Theme 108,Education Facilities,"the construction, rehabilitation, and equipment of educational
                          institutions on all levels from early childhood education to tertiary.
                                              85
",16
Theme 157,Energy,"energy is a property of objects which can be transferred to other objects or converted into different
forms. energy can be found in a number of different forms. it can be chemical energy, electrical energy, heat
(thermal energy), light (radiant energy), mechanical energy, and nuclear energy.
",17
Theme 158,Energy Efficiency,"operations to improve the efficiency, by which energy is
                         produced, transformed and used.
                         use for:
                                 rehabilitation of existing power plants, regardless of fuel and
                                  including fuel substitution to a cleaner fuel, that lead to higher overall
                                  efficiency (or lower heat rate) for the electricity generated.
                                 transmission and distribution projects whose primary objective is to
 energy efficiency 
                                  reduce technical losses and whose financing amount can be
                                  distinguished from other project components (e.g., efficient, resizing
                                  of conductors, balancing of phases, power factor correction, reactive
                                  power compensation).
                                 district heating and district cooling.
                                 conversion to combined heat and power plants.
                                 waste heat recovery, co-generation, and tri-generation.
                                 specialized entities providing energy efficiency services or providing
                                  heat and power demand side management solutions.
                                 energy efficiency interventions by utilities.
                                 energy efficiency interventions in industry.
                                 energy efficiency interventions in buildings.
                                 demand response measures.
",17
Theme 56,Rule of Law,"rule of law is the principle that all people and institutions are subject to and accountable to law that
is fairly applied and enforced; the principle of government by law. the rule of law is a system in which the
following four universal principles are upheld:
      the government and its officials and agents as well as individuals and private entities are accountable
         under the law.
      the laws are clear, publicized, stable, and just; are applied evenly; and protect fundamental rights,
         including the security of persons and property and certain core human rights.
      the process by which the laws are enacted, administered, and enforced is accessible, fair, and efficient.
         justice is delivered timely by competent, ethical, and independent representatives and neutrals who are of
         sufficient number, have adequate resources, and reflect the makeup of the communities they serve.
",17
Theme 67,Municipal Institution Building,"in recent decades, the decentralization of resources and decision-
                         making has strengthened the role of subnational governments in promoting growth
                         and shared prosperity. on the revenue side, subnational governments are
                         increasingly involved in resource mobilization, including taxation. on the
                         expenditure side, subnational governments have broadened and deepened their
                         responsibilities for service delivery related to water and sanitation, health,
                         education, and infrastructure, as well as local development. for subnational
                         governments to successfully deliver on their mandates, effective intergovernmental
  municipal institution  systems in fiscal and administrative areas are required. world bank activities in
     building       decentralization and intergovernmental relations will focus on: institutional and
                         fiscal frameworks, improving the capacity of subnational governments, and support
                         for service delivery and frontline providers.
",17
Theme 142,Environmental Health and Pollution Management,"cleaner production; prevention and abatement of pollution; design and implementation of
interventions to reduce the burden of environment-related diseases.
",17
